YEAR,chla
2003,3.0205792716036686
2004,3.1866310945297225
2005,1.8547322174801035
2006,1.4032010157313852
2007,0.9923839239337751
2008,1.4673079277441248
2009,2.493258580727275
2010,1.9705148831624795
2011,1.1882269012541709
2012,1.150329222121839
2013,1.9209891060131221
2014,1.7777794654938432
2015,2.7055055685130602
2016,1.759037375543251
2017,2.3608928805081333
2018,2.4221327939974446
2019,1.771058441387064
2020,2.884717543329939
2021,2.6199998069183876
