"","year","avg_condition"
"1",2019,17.3408156122143
"2",2021,32.5784955158025
"3",2022,32.0305463930435
"4",2023,29.9010475
