"","year","avg_condition","YEAR"
"1",NA,NA,2020
"2",2019,17.3408156121425,NA
"3",2021,32.5784955158093,NA
"4",2022,32.0305463928806,NA
"5",2023,34.0539673146003,NA
"6",2024,30.8117500712543,NA
