"","year","avg_condition"
"1",2019,17.3408156121425
"2",2020,NA
"3",2021,32.5784955158093
"4",2022,32.0305463928806
"5",2023,34.0539673146003
"6",2024,30.8117500712543
